{
    "loss": 0.3279491364955902,
    "accuracy": 0.8842720985412598
}